公司,官网/来源,电话,邮箱,报价信息,搜索错误
深圳市嘉富光通信有限公司,http://www.fwol.cn/seo/?url=www.jfopt.cn; https://hfanghzj1.cn.b2b168.com/; https://www.afzhan.com/st34096/product_12669745.html,075583570641; 15989489932,,标签 内容长度 内容 优化建议 网站标题 50个字符 光纤跳线_光纤配线架批发_光缆接续盒价格_适配器厂家_回路器_尾纤_分路器-深圳市嘉富光通信有限公司 一般不超过80个字符 网站关键词 51个字符 光纤跳线，光纤尾纤，光纤适配器， | 深圳市嘉富光通信有限公司17年生产环保型光纤跳线，尾纤，光缆接续盒，回路器，光纤配线架等，价格优惠，订量不限，交期准时，型号齐全，现货供应 | 国外 * 验证码 请输入计算结果（填写阿拉伯数字），如：三加四=7 获取其他优质厂商精准报价 匹配1-5家 匹配5家以上 立即提交 提交后，默认您同意 《服务条款》 和 《隐私协议》 -1){window.location.href | 字 上传附件 最多上传3个附件！ 单 位 联系人 电 话 > 验证码 * 是否接受其他厂商报价: 匹配1-5家 匹配5家以上 不接受 获取其他优质厂商精准报价或服务 匹配1-5家,
深圳市飞宇光纤系统有限公司,https://flyinjinf.cn.china.cn/; http://flyin05.cn.b2b168.com/; http://cn.makepolo.com/663_map/,13926509083; 15976890203; 075529048607; 13534193974,,8888.00 金工极速报价WURTH激光测距仪WDM8-14 &yen | 09083 中国供应商 丨 深圳市飞宇光纤系统有限公司 店铺档案 电话 在线咨询 获取最低报价 关闭 长按或一键复制 到QQ中搜索添加 一键复制 复制成功 10或者最低价格是面议)--> 获取最低报价 采购产品 采购数量 联系电话 验,
深圳市嘉万光通信有限公司,http://b2b.huangye88.com/gongsi/980426/; https://image.so.com/i?src=imageonebox&q=%E6%B7%B1%E5%9C%B3%E5%B8%82%E5%98%89%E4%B8%87%E5%85%89%E9%80%9A%E4%BF%A1%E6%9C%89%E9%99%90%E5%85%AC%E5%8F%B8%20%E5%85%89%E7%BA%A4%E5%9B%9E%E8%B7%AF%E5%99%A8%20%E6%8A%A5%E4%BB%B7&obx_type=360pic_new_normal1; https://www,,,深圳市嘉万光通信有限公司 光纤回路器 报价_360图片 网页 资讯 AI问答 视频 图片 良医 地图 百科 文库 软件 翻译 360搜索首页 反馈 登录 搜索 360识图 粘贴图片网,
深圳市盛杰通讯技术有限公司,https://www.kuangku.cn/com/szsjkj/; https://szsjxl.cn.china.cn/; https://c336501.hi1718.com/,,,公司相册 公司新闻 联系方式 为您推荐 当前店铺已下线，以下是为 您推荐的同类热门产品 ￥ 2 .17 梧州回收方转圆Sc-fc单模3米5米6米尾纤跳线 亨通移动熔纤盘 ￥ 1 .60 武威市收购亨通sc-sc方转方电信级单模光纤 | 跳线 康普3.0熔纤盘回收报价 ￥ 8 .00 康普LCLC-L40B003M光纤跳线 ￥ 1 .88 南宁5类网线双绞线回收商家大量收购3米4米5米日海联通阻燃跳线 ￥ 1 .60 柳州长期回收lc-lc小方转小方尾纤跳纤 大量 | L02 面议 HFBR4531-HFBR4533安华高跳线工业控制通信塑料光纤跳线连接头 ￥ 9 .00 PTTP普天泰平 FC-FC光纤跳线 FC-FC/UPC光纤活动连接器 单模双芯 ￥ 19 .00 PTTP普天泰平 12芯S | C单模束状尾纤12色SC/PC集成光纤活动连接器 ￥ 1 .60 中天3米lc-fc小方转,
深圳市毅宏光通信有限公司,http://www.ihfiber.com/; https://e.51sole.com/zq2850602750103/companysupply.htm; https://ihfiber.gys.cn/,15989318853; 15013707607; 075584571947,如果您有任何意见或建议请电邮dm-shenzhen@300.cn; sales@ihfiber.com,公司相册 公司新闻 联系方式 为您推荐 当前店铺已下线，以下是为 您推荐的同类热门产品 ￥ 2 .00 MGTSV-24B1单模铠装24芯矿用阻燃光缆 新国标 煤安认证 鑫津缆厂家 ￥ 1 .80 MGTS33 48芯 矿用光缆 | 煤安认证 钢丝铠装通信光缆 鑫津缆厂家 ￥ 1 .80 MGXTSV-8B煤矿用光缆 8芯矿用阻燃单模光纤 鑫津缆厂家 ￥ 1 .20 MGTSV矿用光缆4B 8B 12B 24B | 层绞式阻燃防爆通信光缆 鑫津缆厂家 ￥ 1 .20 MGXTW-48B 阻燃矿用光缆 铜芯交联电缆 耐磨耐拉 MGTS33-8B 鑫津缆厂家 ￥ 1 .20 MGTSV-8B矿用 | 光缆MGTSV-12B矿用阻燃电缆 煤安认证 鑫津缆厂家 ￥ 1 .54万 SUMITA住田光学 深紫外脉冲杀菌装置 充电类型 HD-200S ￥ 1 .80 MGTSV 24芯矿用光缆 单模阻燃,深圳市毅宏光通信有限公司 光纤回路器 报价: 所有搜索源均不可用（Bing 返回与查询无关的通用结果；360/搜狗/头条/百度 返回与查询无关的通用结果）。建议到“设置 → 搜索接口”更换或补充分配额（SerpAPI/博查）后重试
深圳市纳鑫达通讯设备有限公司,https://158988.cn.china.cn/; http://b2b.huangye88.com/qiye9311i6o3b9919/; http://www.cnxjw.cn/qykinfovip.html?id=25052,18129502616; 073188837156,,公司相册 公司新闻 联系方式 为您推荐 当前店铺已下线，以下是为 您推荐的同类热门产品 ￥ 2 .00 矿用阻燃光缆MGXTSV-6B 新国标 煤安认证 鑫津缆 生产厂家 ￥ 1 .54万 SUMITA住田光学 紫外线可见光光纤 | UV固话用 ST365-35 ￥ 1 .30 矿用光缆MGXTW-6B 煤矿用MGXTW-8B 煤安认证 鑫津缆厂家 ￥ 1 .60 矿用光缆 低烟无卤 MGTSV-48B | 1 规格齐全 鑫津缆 生产厂家 ￥ 3 .60 MGTS33-36B铠装矿用光缆 36芯阻燃防爆光线缆 鑫津缆厂家 ￥ 526 .00 斯特曼 24芯光缆耦 LWLM/40/ | 24/G3/2 LWLM/40/24/G3/2 ￥ 1 .50 矿用光缆MGTSV-48B 阻燃 防爆MHYV4*2*1/0.97 煤矿用通信电缆 鑫津缆 面议 26新 湖南供应低掺保偏掺铒 | 光纤EDF-,深圳市纳鑫达通讯设备有限公司 光纤回路器 报价: 所有搜索源均不可用（Bing 返回与查询无关的通用结果；360/搜狗/头条/百度 返回与查询无关的通用结果）。建议到“设置 → 搜索接口”更换或补充分配额（SerpAPI/博查）后重试; 深圳市纳鑫达通讯设备有限公司 光纤回路器 价格: 所有搜索源均不可用（Bing 返回与查询无关的通用结果；360/搜狗/头条/百度 返回与查询无关的通用结果）。建
深圳市科海光器件有限公司,http://www.sz-ark.com/; https://b2b.huangye88.com/gongsi/1964918/; http://sz_ark.dzsc.com/,075584528550; 075584528220,postmaster@sz-ark.com; kollen@ark-optics.com,科海光器件也是西班牙电信在中国的指定供应商. 科海凭借着稳定的质量&极低的退货率&合理的价格，赢得客户一致赞许！ HIGH QUANLITY&REASONABLE PRICE 拥有成熟的销售队伍，在本公司工作年限平均超过6年，本行业,
宁波莱塔思光学科技有限公司,https://www.litascn.com/; http://www.litascn.com/chanpinzhongxin/159.html; http://nb.ifeng.com/c/8kygi29zLlA,057486880907,litas_01@litascn.com,,
慈溪正佳通信科技有限公司,https://www.cqn.com.cn/ms/content/2024-05/10/content_9050234.htm; https://www.cqn.com.cn/ms/content/2022-02/16/content_8785123.htm; https://m.gys.cn/cixi/asd511522.html,01084648459; 0845120001; 15805841072,lxwm@cqn.com,841072 中国供应商 丨 慈溪正佳通信科技有限公司 店铺档案 电话 在线咨询 获取最低报价 关闭 长按或一键复制 到QQ中搜索添加 一键复制 复制成功 10或者最低价格是面议)--> 获取最低报价 采购产品 采购数量 联系电话 验,
福建硅光通讯科技有限公司,http://www.zk71.com/qiye/12114005.html; https://www.gys.cn/guangxiantiaoxian/4005532431.html; https://www.360kuai.com/pc/90093fa7ce2688d47?cota=3&kuai_so=1&sign=360_57c3bbd1&refer_scene=so_1,,,【MPO光纤回路器 迷你型回路器 多模12芯光纤回路器】价格_厂家-供应商网 当前产品信息已被下线，本页面是本站生成的部分信息快照及相关推荐信息 | 型回路器 多模12芯光纤回路器 为您推荐 当前店铺已下线，以下是为 您推荐的同类热门产品 ￥ 1 .66 丽江中利ADSS室外光纤长期回收3米fc-sc华脉阻燃跳线 面议 不同接头可选 插损低 Sun Telecom浦津 光纤跳线 | ￥ 1 .60 来宾市回收电信级康普单模光纤跳线sc转lc-lc-fc-sc-fc尾纤方头跳纤3米 5米 15米 面议 优势供应 THORLA | BS 光纤跳线 M129L01 ￥ 8 .00 康普LCLC-L40B003M光纤跳线 ￥ 30 .00 PTTP普天泰平 12芯SC多模束状尾纤12色SC 50/125光纤活动连接器 ￥ 10 .00 PTTP普天泰平 SC-S | C光纤跳线 SC-SC/UPC,
爱普迪,https://www.gys.cn/guangxiantiaoxian/5051104768.html; https://weibo.com/u/6552726591; https://apdgtxkj.cn.china.cn/,13378413230,,圳市飞宇光纤系统有限公司 进入店铺 在线咨询 订制不同段长不同接口双芯单芯光纤跳线制造商 ¥ 25.00 Allied Telesis AT-SPFX/SC SFP mini-GBIC光纤模块 ¥ 2100.00 塑料光纤4503Z | /4513Z 安捷伦T-1521Z光纤跳线 高压变频器光纤 ¥ 12.00 胜为电信级光纤跳线 单模双芯LC-SC低烟无卤尾纤 5米 ¥ 31.90 Thorlabs 中红外单模氟化物光纤跳线 用于环境 | 传感和医学领域 面议 SMA905光纤连接头光纤接头光纤连接器光纤跳线太阳光光纤连接器 ¥ 25.00 产品详情 飞宇提供的LC/UPC 9/125单模双芯光纤回路器常用于测试系统或网络系统中的信号回传，通过回传信号，可以检测网络 | 运营商级高标准光纤跳线 恒贝光纤跳线免费送样品 ¥ 9.00 特种光纤跳线 量青光电专业生产加工定制 ¥ 15.00 ,
深圳前海荟创科技有限公司,http://www.vchung.cn/hwguigeshu/442.html; https://www.ehsy.com/product-JMV548; https://www.ehsy.com/product-JMV546,13632943183; 075581481899,sales@vchung.cn; gavin.huang@vchung.cn,"纤跳线 12芯MPO光纤线母头APC单模低损G.657A1光纤B极性300米 获取免费产品报价 只需在下面填写您的要求，今天就可以获得免费的、无义务的报价！ 您的询问将在 12 小时内回复，我们尊重您的隐私 | ,裸纤OM3抗弯光纤 裸纤OM3抗弯光纤，青绿色散件，黑色后套 售卖规格：1个 西域价： ¥ 25.09 / 个 &nbsp | 未税价： ¥ 22.20&nbsp | (税率：13%) ￥ ? 会员价 成为西域会员 享受专属折扣>> 注意：因为疫情原因，部分产品物料需要从其他区域仓库调拨，货期略有影响，敬请谅解~ --> 西域 | 龙 6类水晶头，ZM6URJ45 6类非屏蔽RJ45水晶头，100个起订 售卖规格：1个 ¥ 1.82 加入购物车 凯创通 单模室内皮线光缆，GJXH-2芯 1000米起订 售卖规格：1米 ¥ 0.87 加入购物车 绿联/UGREE | 售卖规格：1根",
深圳市视海通电子有限公司,https://szsshtdz5283.cn.china.cn/; http://b2b.huangye88.com/gongsi/87837/; http://cm.hc23.com/company/128357.html,0240000220,,"下是为 您推荐的同类热门产品 面议 3BHB024711R0020 中压变频器 模块板卡 ￥ 35 .00 雨山区工程围挡厂家电话-- 老邻居围挡厂家! ￥ 5,000 .00 北京空气源热泵热水工程解决方案 面议 1794-OA8 | ￥ 260 .00 RS54-160L-8/2H电阻器适用于YZR160L-8-7.5KW起重电机调速启动 ￥ 1 .78万 自走式三轮刮粪机 | 牛粪收集转运一体机 牛场自动清粪车 ￥ 5,000 .00 邢台恒温热水工程安装 ￥ 5,000 .00 屠宰场太阳能热水系统施工 ￥ 2,777 .00 10KV大功率矿用泵 QKS单吸式 1500米 透水抢险排水 支持定 | 制 ￥ 180 .00 高纯铜粒 金属铜颗粒 铸造铜 大量现货 99.999%纯度 电缆电气 电子元件 ￥ 600 .00 SEALMASTER轴 | VF2S-232 SP-212 ",
深圳市凯达光通信科技有限公司,https://cloud.tencent.com/developer/news/983638; https://www.shuididp.cn/yp-eec87d398249be4734f6495a616b96a3.html; https://m.tianyancha.com/company/2547082913,,cloudcommunity@tencent.com; shuidi@pingansec.com,,
BGB,https://www.coinglass.com/zh/currencies/BGB?type=spot; https://www.gesetze-im-internet.de/bgb/; https://bgb.bircd.org/,,,r) 白皮书 浏览器 合约地址 以太坊生态系统 自选列表 总览 合约数据 现货数据 简况 价格 市值 1天 1周 1月 1年 全部 价格 市值 市值 $ 12.53亿 合约成交额 $ 498.78万 现货成交额 $ 793.89万 持 | 器 合约地址 以太坊生态系统 Bitget Token 市场 合约 现货 交易所 交易对 价格 价格(24h%) 24小时成交额 (%) 持仓 (%) 24小时多空比 24小时多单爆仓 24小时空单爆仓 持仓/24小时成交额 (%) | 流动性 ±1% Bitget Token 价格表现 查看历史数据 4小时 - 24小时 - 7天 - 30天 - 90天 - 180天 - 年初至今 - 1年 - 全部 - Bitget | en持仓加权资金费率 与Bitget Token相似的币种 Bitget Token 实时价格 Bitget Token（BGB）,
MOOG,https://www.moog.com.cn/; https://www.moog.com/; https://www.moogmusic.com/,,,,
Schleifring,https://www.gys.cn/guangxianlianjieqi/3869128023.html; https://www.shidawei.com/brand/schleifring-5075; https://www.zhaosw.com/product/detail/47097918,075583698619,sales@shidawei.com,: BEM 650 面议 祥树欧茂 B+R 接口板 8AC114.60-2 优势品牌 极速报价 面议 SMA905 D80 FC光谱仪光纤跳线多模铠装低损耗200μm400μm600μm &yen | 1.50 SC光纤快速连接器冷接子冷接头FTTH广电级促销价格***格 &yen | 衰减器 50-18A-MFN-30 面议 SC光纤快速连接器连接头冷接子预埋式直通式促销价格市场报价 &yen | 面议 祥树欧茂 供应LEONI HP-SIMPLEXF.PCF2.2MM 光缆接头 清凉报价 面议 供应美国ADALET耦合器、电缆耦合器 &yen | 一扫添加商家 收藏 Schleifring-Schleifring-全系列产品-德国进口 价格 订货量(个) ￥999.00 ≥1 店铺主推品 热销潜力款 联系人 张彦龙 扫一扫添加商家 &#x5c02 | 省深圳市 进入商铺 扫码查看 扫码,
Princetel,https://www.gys.cn/lianjieqi/4735972656.html; http://www.coodyak.com/info/4/princetel-r-32740.html; https://m.gkzhan.com/chanpin/13205981.html,02162187687,,"00-3538 供应商网 丨 天津赛力斯自动化科技有限公司 进店 电话 在线咨询 获取最低报价 关闭 10或者最低价格是面议)--> 美国PRINCETEL高速光纤旋转连接器MJX系列 &yen | 欢迎使用询盘功能 * * 获取其他优质厂商精准报价 匹配（1-3家） 匹配（2-3家） 匹配（1-5家） 匹配（0-5家） 立即提交 智能制造网 登录 产品 公司 品牌 采购 Search | TEL光纤组件, PRINCETEL光纤抛光机 PRINCETEL现货，PRINCETEL价格，PRINCETEL厂家 品牌简介 Pcincetel.Inc.成立于2000年10月，位于美国新泽西州普林斯顿，是光纤器件和光电模块的产品",
Rojone,http://tongxin.huangye88.com/tag/19916417/; https://www.shangyexinzhi.com/article/6784684.html; https://m.so.com/jump?u=https%3A%2F%2Fm.so.com%2Fs%3Fq%3Dreplay%25E4%25B8%25AD%25E5%259B%25BD%25E5%25AE%2598%25E7%25BD%2591%26pq%3DRojone%2520%25E5%25AE%2598%25E7%25BD%2591%26src%3Down_nlp_entity%26psid%3,,,,
Hitachi-cable,https://www.hitachi.com.cn/; https://www.hitachi.com/en/; https://www.hitachi.co.jp/,,,,
